{"cameraMode":{"drawMode":0,"name":"Shaded","section":"Shading Mode"},"sceneLighting":true,"audioPlay":false,"sceneViewState":{"showFog":true,"showMaterialUpdate":true,"showSkybox":true,"showFlares":true,"showImageEffects":true,"showParticleSystems":true},"in2DMode":false,"pivot":{"x":0.5151071548461914,"y":1.305788278579712,"z":-0.417752742767334},"rotation":{"x":0.04775586724281311,"y":0.6545323133468628,"z":-0.04150420054793358,"w":0.7534496784210205},"size":4.6698150634765629,"orthographic":false}