{"cameraMode":{"drawMode":0,"name":"Shaded","section":"Shading Mode"},"sceneLighting":true,"audioPlay":false,"sceneViewState":{"showFog":true,"showMaterialUpdate":true,"showSkybox":true,"showFlares":true,"showImageEffects":true,"showParticleSystems":true},"in2DMode":false,"pivot":{"x":1.4256261587142945,"y":0.9705682992935181,"z":-0.21620377898216248},"rotation":{"x":0.06992574781179428,"y":0.7425037622451782,"z":-0.07848288118839264,"w":0.6615456342697144},"size":1.0428941249847413,"orthographic":false}