{"cameraMode":{"drawMode":0,"name":"Shaded","section":"Shading Mode"},"sceneLighting":true,"audioPlay":false,"sceneViewState":{"showFog":true,"showMaterialUpdate":true,"showSkybox":true,"showFlares":true,"showImageEffects":true,"showParticleSystems":true},"in2DMode":false,"pivot":{"x":0.5856684446334839,"y":0.8302015662193298,"z":0.8175581693649292},"rotation":{"x":-0.021373912692070009,"y":-0.9508892297744751,"z":0.06744479387998581,"w":-0.30134180188179018},"size":1.8144094944000245,"orthographic":false}