{"cameraMode":{"drawMode":0,"name":"Shaded","section":"Shading Mode"},"sceneLighting":true,"audioPlay":false,"sceneViewState":{"showFog":true,"showMaterialUpdate":true,"showSkybox":true,"showFlares":true,"showImageEffects":true,"showParticleSystems":true},"in2DMode":false,"pivot":{"x":0.22102713584899903,"y":1.284853219985962,"z":0.23354953527450562},"rotation":{"x":0.08875509351491928,"y":0.44334930181503298,"z":-0.04420020803809166,"w":0.8909056782722473},"size":1.282979965209961,"orthographic":false}