{"cameraMode":{"drawMode":0,"name":"Shaded","section":"Shading Mode"},"sceneLighting":false,"audioPlay":false,"sceneViewState":{"showFog":true,"showMaterialUpdate":true,"showSkybox":false,"showFlares":true,"showImageEffects":true,"showParticleSystems":true},"in2DMode":false,"pivot":{"x":10.220000267028809,"y":0.0,"z":22.600000381469728},"rotation":{"x":0.07133667916059494,"y":0.005983932409435511,"z":-0.0004282381560187787,"w":0.9974426031112671},"size":9.604690551757813,"orthographic":false}