{"cameraMode":{"drawMode":0,"name":"Shaded","section":"Shading Mode"},"sceneLighting":true,"audioPlay":false,"sceneViewState":{"showFog":true,"showMaterialUpdate":true,"showSkybox":true,"showFlares":true,"showImageEffects":true,"showParticleSystems":true},"in2DMode":false,"pivot":{"x":-0.3313257694244385,"y":0.9796145558357239,"z":-0.08721570670604706},"rotation":{"x":0.035515740513801578,"y":-0.7357733845710754,"z":0.038632798939943317,"w":0.6752209663391113},"size":3.1943256855010988,"orthographic":false}